FID,FID_1,GEOID10,NAMELSAD10,POP100_RE,Count_,house_inc,Percent_hi,Percent__M,houseinc_k,age,age_error,Diabete,bigger8,8_dia,7_8,78_dia,6_7,67_dia,6no0,6_dia,PropDiab,PropWhite,null_dia,TownName
0,0,25021443102,Census Tract 4431.02,8694,1252,87568,91.6,3.1,88,41,3.1,58,9,0.155172414,10,0.172413793,11,0.189655172,1,0.017241379,0.046325879,0.953997683,0.465517,BELLINGHAM
1,1,25027728400,Census Tract 7284,4963,2259,98659,94.7,3.2,99,41.5,1.5,153,32,0.209150327,33,0.215686275,60,0.392156863,18,0.117647059,0.067729084,0.906684699,0.0653595,
2,2,25027716300,Census Tract 7163,3228,1535,51229,85,5,51,38.2,4.8,124,23,0.185483871,29,0.233870968,36,0.290322581,17,0.137096774,0.080781759,0.911443358,0.153226,
3,3,25027756101,Census Tract 7561.01,4512,1112,70093,91.9,3.2,70,41.9,3.2,75,17,0.226666667,17,0.226666667,19,0.253333333,6,0.08,0.067446043,0.960754553,0.213333,
4,4,25027749100,Census Tract 7491,7988,3799,94200,96.9,1.7,94,40,2.3,220,50,0.227272727,53,0.240909091,63,0.286363636,25,0.113636364,0.057909976,0.922995079,0.131818,UXBRIDGE
5,5,25027739100,Census Tract 7391,9557,4418,99543,95.6,2.5,100,37.8,2.9,338,57,0.168639053,84,0.24852071,138,0.408284024,27,0.079881657,0.076505206,0.684629901,0.0946746,
6,6,25027731900,Census Tract 7319,5227,2968,34904,78.3,7.4,35,28.7,3.2,297,91,0.306397306,65,0.218855219,73,0.245791246,30,0.101010101,0.100067385,0.533760186,0.127946,
7,7,25027710400,Census Tract 7104,2149,791,52891,85.7,4.3,53,37,5.2,92,21,0.22826087,21,0.22826087,17,0.184782609,6,0.065217391,0.11630847,0.866554763,0.293478,
8,8,25027713100,Census Tract 7131,8055,2315,96813,90,2.4,97,38.3,3.3,171,35,0.204678363,44,0.257309942,47,0.274853801,17,0.099415205,0.073866091,0.859468191,0.163743,LANCASTER
9,9,25027707200,Census Tract 7072,1839,414,29571,83.7,4.3,30,38.9,5,44,9,0.204545455,7,0.159090909,6,0.136363636,11,0.25,0.106280193,0.890329013,0.25,
10,10,25027731700,Census Tract 7317,2761,990,26269,79.3,6.2,26,33,3,101,31,0.306930693,17,0.168316832,22,0.217821782,5,0.04950495,0.102020202,0.689967105,0.257426,
11,11,25027757200,Census Tract 7572,2293,537,31414,72.2,6.4,31,29.5,3,59,18,0.305084746,4,0.06779661,10,0.169491525,4,0.06779661,0.109869646,0.571489362,0.38983,
12,12,25021443101,Census Tract 4431.01,7638,996,88931,95.6,1.8,89,41.6,1.5,60,11,0.183333333,5,0.083333333,9,0.15,5,0.083333333,0.060240964,0.929706905,0.5,
13,13,25027737100,Census Tract 7371,5116,2182,76275,92.5,3.6,76,45.6,2,197,48,0.243654822,40,0.203045685,80,0.406091371,17,0.086294416,0.090284143,0.964770714,0.0609137,
14,14,25027745100,Census Tract 7451,5911,1358,95268,91.9,3.3,95,41.2,4.6,51,8,0.156862745,8,0.156862745,11,0.215686275,6,0.117647059,0.037555228,0.945304611,0.352941,HOPEDALE
15,15,25027744300,Census Tract 7443,3838,721,52955,85.1,5.1,53,33.6,2.7,34,7,0.205882353,6,0.176470588,5,0.147058824,2,0.058823529,0.047156727,0.6521043,0.411765,
16,16,25017301102,Census Tract 3011.02,4902,611,93935,97.1,1.6,94,38.9,3.1,45,9,0.2,7,0.155555556,9,0.2,3,0.066666667,0.073649755,0.967870722,0.377778,TOWN SEND
17,17,25027726200,Census Tract 7262,5700,1843,45750,80.6,4.6,46,38.8,5.2,160,41,0.25625,30,0.1875,57,0.35625,14,0.0875,0.086814976,0.948189315,0.1125,
18,18,25027725100,Census Tract 7251,4680,1411,68232,92.7,3,68,43.4,4.5,103,24,0.233009709,25,0.242718447,33,0.32038835,7,0.067961165,0.072997874,0.976130123,0.135922,NORTH BROOKFIELD
19,19,25027744102,Census Tract 7441.02,5258,1011,72396,94.8,2.7,72,42,1.5,62,10,0.161290323,3,0.048387097,16,0.258064516,5,0.080645161,0.06132542,0.885344161,0.451613,
20,20,25027708100,Census Tract 7081,7277,2075,88902,93.8,2.8,89,42.9,3,129,25,0.19379845,19,0.147286822,35,0.271317829,16,0.124031008,0.062168675,0.981386566,0.263566,WESTMINSTER
21,21,25027716100,Census Tract 7161,7558,3402,74632,93,3.8,75,41.2,2.6,227,58,0.255506608,41,0.18061674,85,0.374449339,22,0.0969163,0.066725456,0.919422026,0.092511,CLINTON
22,22,25027716200,Census Tract 7162,2820,1234,51622,90.3,5.3,52,39.7,2.3,101,24,0.237623762,28,0.277227723,26,0.257425743,11,0.108910891,0.08184765,0.797039346,0.118812,
23,23,25027705100,Census Tract 7051,8013,1603,65194,90.3,4.3,65,44.4,2.3,118,32,0.271186441,19,0.161016949,28,0.237288136,10,0.084745763,0.073611978,0.993965517,0.245763,TEMPLETON
24,24,25027709600,Census Tract 7096,2423,782,46385,79.5,7.1,46,36.4,4.5,72,13,0.180555556,8,0.111111111,13,0.180555556,9,0.125,0.092071611,0.742628322,0.402778,
25,25,25027703200,Census Tract 7032,3558,699,49408,85.4,4.4,49,43.3,3.7,58,14,0.24137931,10,0.172413793,12,0.206896552,5,0.086206897,0.08297568,0.947672738,0.293103,
26,26,25027736500,Census Tract 7365,4369,1789,64912,93,2.8,65,49.1,1.9,141,29,0.205673759,27,0.191489362,47,0.333333333,19,0.134751773,0.07881498,0.976723164,0.134752,
27,27,25027728300,Census Tract 7283,4544,1968,90099,93.4,2.1,90,40.4,2,133,23,0.172932331,26,0.195488722,53,0.398496241,15,0.112781955,0.067581301,0.963520198,0.120301,HOLDEN
28,28,25027710600,Census Tract 7106,6594,2423,48611,81.6,6.6,49,32.7,6.1,228,47,0.206140351,36,0.157894737,38,0.166666667,14,0.061403509,0.094098225,0.811751557,0.407895,
29,29,25027723100,Census Tract 7231,3989,602,61453,92.9,2.1,61,46.7,3.3,47,11,0.234042553,8,0.170212766,15,0.319148936,7,0.14893617,0.07807309,0.958635704,0.12766,HARDWICK
30,30,25027726100,Census Tract 7261,5988,2186,85945,95.8,2,86,44.4,2.1,163,34,0.208588957,40,0.245398773,59,0.36196319,17,0.104294479,0.074565416,0.954156578,0.0797546,SPENCER
31,31,25027759100,Census Tract 7591,2183,581,72375,93.4,3.2,72,43.7,2.9,32,8,0.25,8,0.25,13,0.40625,3,0.09375,0.055077453,0.979981802,0,ESAT BROOKFIELD
32,32,25027754400,Census Tract 7544,3843,1333,53913,82.4,4,54,40.4,3.7,107,28,0.261682243,29,0.271028037,15,0.140186916,10,0.093457944,0.080270068,0.920330969,0.233645,
33,33,25027753100,Census Tract 7531,7458,2551,66789,94.3,2.9,67,42,2.4,209,51,0.244019139,44,0.210526316,68,0.325358852,28,0.133971292,0.081928655,0.885891557,0.0861244,
34,34,25027703100,Census Tract 7031,4323,850,38099,84.3,4.8,38,42.2,7.4,68,15,0.220588235,14,0.205882353,12,0.176470588,7,0.102941176,0.08,0.968909616,0.294118,ATHOL
35,35,25027748100,Census Tract 7481,3190,904,81438,87.4,3.8,81,41.9,2,48,11,0.229166667,11,0.229166667,11,0.229166667,3,0.0625,0.053097345,0.935473815,0.25,MILLVILLE
36,36,25027701100,Census Tract 7011,8340,1578,59609,89.9,2.7,60,43.7,1.9,127,38,0.299212598,22,0.173228346,15,0.118110236,15,0.118110236,0.080481622,0.953532256,0.291339,WINCHENDON
37,37,25027742300,Census Tract 7423,4045,1333,84349,95,3,84,43.7,3.4,82,14,0.170731707,27,0.329268293,30,0.365853659,7,0.085365854,0.061515379,0.851370851,0.0487805,WESTBOROUGH
38,38,25027731102,Census Tract 7311.02,2511,1051,54884,85.5,6.4,55,40.3,3.1,104,24,0.230769231,21,0.201923077,33,0.317307692,9,0.086538462,0.098953378,0.816796875,0.163462,
39,39,25027732500,Census Tract 7325,1776,791,29904,71.8,6.3,30,27.7,4.6,81,26,0.320987654,12,0.148148148,20,0.24691358,9,0.111111111,0.102402023,0.628691983,0.17284,
40,40,25027729100,Census Tract 7291,4997,2085,69292,86.7,5.3,69,36.5,2.9,160,28,0.175,44,0.275,66,0.4125,16,0.1,0.076738609,0.855319914,0.0375,WEST BOYLSTON
41,41,25027744400,Census Tract 7444,3974,814,60993,90.4,4.3,61,35.3,3.9,40,9,0.225,5,0.125,8,0.2,2,0.05,0.049140049,0.80363806,0.4,MILFORD
42,42,25027735100,Census Tract 7351,6713,2211,61815,90.1,3.7,62,45.1,3.9,159,38,0.238993711,30,0.188679245,62,0.389937107,13,0.081761006,0.071913161,0.96904726,0.100629,LEICESTER
43,43,25027710300,Census Tract 7103,3224,1160,69464,86.9,5.2,69,36.1,2.5,128,17,0.1328125,23,0.1796875,37,0.2890625,8,0.0625,0.110344828,0.937321937,0.335938,
44,44,25017321300,Census Tract 3213,7497,1743,50760,82,5.5,51,33.3,2.2,149,47,0.315436242,33,0.22147651,43,0.288590604,11,0.073825503,0.085484796,0.721845839,0.100671,
45,45,25017321400,Census Tract 3214,3297,1047,91635,93.9,2.3,92,43,3.9,78,23,0.294871795,13,0.166666667,24,0.307692308,8,0.102564103,0.074498567,0.840157222,0.128205,
46,46,25017321500,Census Tract 3215,6898,1695,77065,89.7,5.5,77,37.6,5,139,33,0.237410072,25,0.179856115,37,0.26618705,14,0.100719424,0.0820059,0.786976618,0.215827,
47,47,25027739500,Census Tract 7395,7554,4009,118456,94,2.7,118,43.6,2,244,33,0.135245902,50,0.204918033,106,0.43442623,35,0.143442623,0.060863058,0.803356393,0.0819672,
48,48,25027702200,Census Tract 7022,3218,610,59205,85.8,3.2,59,43.5,3.5,45,9,0.2,9,0.2,12,0.266666667,4,0.088888889,0.073770492,0.943379534,0.244444,ROYALSTON
49,49,25017320103,Census Tract 3201.03,2795,349,119821,95.2,3.2,120,40.2,2.4,17,5,0.294117647,2,0.117647059,6,0.352941176,1,0.058823529,0.048710602,0.88743825,0.176471,
50,50,25017320104,Census Tract 3201.04,7090,759,142202,98,1.5,142,42.2,1.9,27,4,0.148148148,6,0.222222222,8,0.296296296,1,0.037037037,0.035573123,0.960733661,0.296296,
51,51,25027722100,Census Tract 7221,5398,2396,67536,95.2,2.5,68,42.7,2.1,183,62,0.338797814,50,0.273224044,52,0.284153005,8,0.043715847,0.076377295,0.97448605,0.0601093,BARRE
52,52,25027712101,Census Tract 7121.01,5955,1592,74153,91.6,3.8,74,46,1.1,136,26,0.191176471,34,0.25,33,0.242647059,9,0.066176471,0.085427136,0.925936811,0.25,
53,53,25027709201,Census Tract 7092.01,6921,2486,65250,91.2,3.6,65,43.6,2.1,225,56,0.248888889,28,0.124444444,48,0.213333333,14,0.062222222,0.090506838,0.91121711,0.351111,
54,54,25027730500,Census Tract 7305,3535,1493,45980,91.5,3.6,46,31.1,2.8,102,31,0.303921569,23,0.225490196,29,0.284313725,7,0.068627451,0.068318821,0.691028948,0.117647,
55,55,25027739400,Census Tract 7394,8851,4481,102433,95.8,1.8,102,41,2.1,354,58,0.163841808,86,0.242937853,146,0.412429379,38,0.107344633,0.079000223,0.815905744,0.0734463,
56,56,25027743100,Census Tract 7431,7542,1890,112917,96.2,2,113,41,2.4,96,24,0.25,20,0.208333333,22,0.229166667,5,0.052083333,0.050793651,0.93380245,0.260417,UPTON
57,57,25027746100,Census Tract 7461,5839,1645,108942,95.8,2.1,109,44,1.2,72,11,0.152777778,13,0.180555556,15,0.208333333,9,0.125,0.043768997,0.95638262,0.333333,MENDON
58,58,25017321600,Census Tract 3216,7548,1484,79861,85.5,4.7,80,39.5,2.2,119,24,0.201680672,30,0.25210084,38,0.319327731,11,0.092436975,0.080188679,0.77698118,0.134454,
59,59,25017322100,Census Tract 3221,4671,870,110625,91.6,3.6,111,45.1,1.4,80,18,0.225,14,0.175,30,0.375,9,0.1125,0.091954023,0.929288789,0.1125,HUDSON
60,60,25027707100,Census Tract 7071,3909,997,41754,87.8,3.7,42,39.5,4.3,91,21,0.230769231,14,0.153846154,16,0.175824176,9,0.098901099,0.091273821,0.936930456,0.340659,
61,61,25027712102,Census Tract 7121.02,4131,910,91000,93.4,2.7,91,43,2,53,12,0.226415094,15,0.283018868,12,0.226415094,5,0.094339623,0.058241758,0.937026515,0.169811,LUNENBURG
62,62,25027744101,Census Tract 7441.01,7445,1299,86350,96.5,2.2,86,44.2,2.5,62,9,0.14516129,5,0.080645161,14,0.225806452,2,0.032258065,0.047729022,0.897343163,0.516129,
63,63,25027720100,Census Tract 7201,3413,1461,114167,99.2,0.7,114,45.3,2.5,85,20,0.235294118,20,0.235294118,27,0.317647059,3,0.035294118,0.058179329,0.923900463,0.176471,PRINCETON
64,64,25017326101,Census Tract 3261.01,3896,127,121184,99.2,1.1,121,42.6,1.5,5,3,0.6,0,0,2,0.4,0,0,0.039370079,0.92340628,0,
65,65,25017326102,Census Tract 3261.02,6750,130,116422,98.7,1.2,116,45.5,1.4,8,1,0.125,2,0.25,2,0.25,1,0.125,0.061538462,0.930017351,0.25,GROTON
66,66,25017321200,Census Tract 3212,6267,1242,65417,89.3,5.1,65,41.7,1.8,106,33,0.311320755,23,0.216981132,26,0.245283019,10,0.094339623,0.085346216,0.821673307,0.132075,MARLBOROUGH
67,67,25027736100,Census Tract 7361,2600,929,74297,92.6,2.8,74,42.2,4.1,87,22,0.252873563,11,0.126436782,30,0.344827586,10,0.114942529,0.093649085,0.948061448,0.16092,AUBURN
68,68,25027757300,Census Tract 7573,2871,732,27723,67.5,8.2,28,43.2,4,51,14,0.274509804,7,0.137254902,10,0.196078431,6,0.117647059,0.069672131,0.64402277,0.27451,
69,69,25027739300,Census Tract 7393,3688,1792,80319,97,1.5,80,41.6,2.8,137,25,0.182481752,31,0.226277372,59,0.430656934,14,0.102189781,0.076450893,0.818303095,0.0583942,SHREWSBURY
70,70,25027700100,Census Tract 7001,6081,1509,87615,96.1,2.2,88,42.8,2.3,81,22,0.271604938,20,0.24691358,11,0.135802469,9,0.111111111,0.053677932,0.967694805,0.234568,ASHBURNHAM
71,71,25027760100,Census Tract 7601,3390,797,63920,90.4,3.2,64,42,3,52,8,0.153846154,13,0.25,15,0.288461538,6,0.115384615,0.065244668,0.940088106,0.192308,BROOKFIELD
72,72,25027740101,Census Tract 7401.01,5191,1831,125292,97.9,1.2,125,43,1.8,110,23,0.209090909,31,0.281818182,40,0.363636364,5,0.045454545,0.060076461,0.85967399,0.1,
73,73,25027710500,Census Tract 7105,3246,1229,35638,78.7,6.5,36,31.4,3.1,144,28,0.194444444,18,0.125,23,0.159722222,10,0.069444444,0.11716843,0.754237288,0.451389,
74,74,25027709701,Census Tract 7097.01,5609,1949,48875,82.9,5.9,49,45.4,6.8,185,38,0.205405405,27,0.145945946,40,0.216216216,19,0.102702703,0.094920472,0.824691358,0.32973,
75,75,25027744200,Census Tract 7442,7484,1428,77953,89.5,3.7,78,38.6,2.4,73,8,0.109589041,11,0.150684932,12,0.164383562,6,0.082191781,0.051120448,0.937807545,0.493151,
76,76,25027740200,Census Tract 7402,2911,992,77917,90.1,4.8,78,41.3,4,82,13,0.158536585,21,0.256097561,30,0.365853659,11,0.134146341,0.08266129,0.816543289,0.0853659,NORTHBOROUGH
77,77,25027718100,Census Tract 7181,4355,1953,102905,94.8,3.1,103,44.7,3.8,141,28,0.19858156,24,0.170212766,60,0.425531915,13,0.092198582,0.072196621,0.939981949,0.113475,BOYLSTION
78,78,25027738100,Census Tract 7381,4636,1650,70703,93.1,2.5,71,36.6,2.1,130,28,0.215384615,27,0.207692308,42,0.323076923,15,0.115384615,0.078787879,0.718857388,0.138462,
79,79,25027735200,Census Tract 7352,4257,1365,80819,90.4,4.1,81,41.3,5.9,128,29,0.2265625,31,0.2421875,41,0.3203125,12,0.09375,0.093772894,0.901977831,0.117188,
80,80,25027707400,Census Tract 7074,4591,1144,56452,87,3.6,56,41,6.3,100,21,0.21,21,0.21,20,0.2,14,0.14,0.087412587,0.899121819,0.24,
81,81,25027709202,Census Tract 7092.02,6829,2250,57729,81.1,4.8,58,38.4,3.7,220,42,0.190909091,34,0.154545455,58,0.263636364,23,0.104545455,0.097777778,0.770958684,0.286364,
82,82,25027711000,Census Tract 7110,3080,918,37330,83.4,6.7,37,30.3,3.5,102,25,0.245098039,10,0.098039216,17,0.166666667,6,0.058823529,0.111111111,0.694868662,0.431373,
83,83,25027710100,Census Tract 7101,3435,1269,50442,71.5,7.5,50,32.9,2.9,127,26,0.204724409,21,0.165354331,18,0.141732283,8,0.062992126,0.100078802,0.693564862,0.425197,
84,84,25027757500,Census Tract 7575,4334,1035,65450,89,3.3,65,41.2,3.7,78,17,0.217948718,9,0.115384615,20,0.256410256,10,0.128205128,0.075362319,0.84281015,0.282051,SOUTHBRIDGE
85,85,25027753200,Census Tract 7532,6251,2152,66484,92.9,2.9,66,37.4,4.1,208,39,0.1875,66,0.317307692,54,0.259615385,27,0.129807692,0.096654275,0.988911448,0.105769,OXFORD
86,86,25027707300,Census Tract 7073,3931,950,31951,79.6,5.8,32,41.8,6.8,99,17,0.171717172,14,0.141414141,25,0.252525253,6,0.060606061,0.104210526,0.97521097,0.373737,
87,87,25027717100,Census Tract 7171,2866,904,88816,94.5,2,89,46.9,1.4,67,12,0.179104478,10,0.149253731,28,0.417910448,8,0.119402985,0.074115044,0.969225566,0.134328,BERLIN
88,88,25027704200,Census Tract 7042,2916,527,73600,95.9,1.1,74,47.2,1.7,31,4,0.129032258,6,0.193548387,9,0.290322581,5,0.161290323,0.058823529,0.953665284,0.225806,PETERSHAM
89,89,25027754200,Census Tract 7542,3462,1228,34119,75.1,6.7,34,43.9,3.9,82,16,0.195121951,12,0.146341463,22,0.268292683,9,0.109756098,0.066775244,0.825400999,0.280488,
90,90,25017320102,Census Tract 3201.02,5040,741,139974,98.9,0.7,140,40.2,1.5,31,4,0.129032258,7,0.225806452,9,0.290322581,2,0.064516129,0.041835358,0.896803141,0.290323,HOPKINTON
91,91,25017321100,Census Tract 3211,6992,1029,83555,97.4,1.5,84,40.6,2.8,92,26,0.282608696,16,0.173913043,30,0.326086957,6,0.065217391,0.089407191,0.802307584,0.152174,
92,92,25027757100,Census Tract 7571,4514,928,47738,83.3,4.8,48,36,5,68,17,0.25,13,0.191176471,15,0.220588235,4,0.058823529,0.073275862,0.800783801,0.279412,
93,93,25027730402,Census Tract 7304.02,1660,832,51597,85.3,6.5,52,36.5,2.3,89,18,0.202247191,23,0.258426966,23,0.258426966,12,0.134831461,0.106971154,0.71203271,0.146067,
94,94,25027750100,Census Tract 7501,6048,2622,67011,92.3,3.1,67,36.9,3.4,163,38,0.233128834,36,0.220858896,52,0.319018405,10,0.061349693,0.062166285,0.905970392,0.165644,
95,95,25027730902,Census Tract 7309.02,3716,1168,65393,95.2,3.4,65,24.8,5.9,116,30,0.25862069,27,0.232758621,32,0.275862069,15,0.129310345,0.099315068,0.842362128,0.103448,
96,96,25027730300,Census Tract 7303,4559,2039,57545,94.2,2.3,58,41.7,2.2,196,53,0.270408163,36,0.183673469,66,0.336734694,20,0.102040816,0.096125552,0.822107438,0.107143,
97,97,25027737300,Census Tract 7373,6398,2468,75784,91.2,3.5,76,41.3,3.1,214,55,0.257009346,33,0.154205607,87,0.406542056,25,0.11682243,0.086709887,0.898012232,0.0654206,
98,98,25027730700,Census Tract 7307,6803,2825,66652,90.9,3.2,67,45.5,2.7,236,55,0.233050847,49,0.207627119,84,0.355932203,23,0.097457627,0.083539823,0.805071315,0.105932,
99,99,25027750200,Census Tract 7502,6749,2717,93180,94.8,4.1,93,40.8,3.1,186,37,0.198924731,42,0.225806452,63,0.338709677,26,0.139784946,0.068457858,0.959114829,0.0967742,NORTHBRIDGE
100,100,25027749200,Census Tract 7492,5469,2558,82730,94.5,3.2,83,38.9,1.8,184,33,0.179347826,41,0.222826087,67,0.364130435,12,0.065217391,0.071931196,0.948303716,0.168478,
101,101,25027752100,Census Tract 7521,8471,3608,85313,96.7,1.8,85,39.8,3.2,219,44,0.200913242,59,0.269406393,76,0.347031963,18,0.082191781,0.060698448,0.974257885,0.100457,DOUGLAS
102,102,25027715100,Census Tract 7151,4897,1060,147446,97.1,1.6,147,42.6,1.8,64,14,0.21875,15,0.234375,21,0.328125,8,0.125,0.060377358,0.940596013,0.09375,BOLTON
103,103,25027737200,Census Tract 7372,1747,636,49800,86.2,4.4,50,40.5,5.5,72,10,0.138888889,22,0.305555556,29,0.402777778,7,0.097222222,0.113207547,0.978531073,0.0555556,MILLBURY
104,104,25027724100,Census Tract 7241,3701,630,64375,90.2,3.1,64,46.8,3.4,46,12,0.260869565,9,0.195652174,12,0.260869565,5,0.108695652,0.073015873,0.955223881,0.173913,WEST BROOKFIELD
105,105,25027709100,Census Tract 7091,4066,1437,75685,93.3,3,76,42.5,3.1,111,24,0.216216216,13,0.117117117,25,0.225225225,13,0.117117117,0.077244259,0.909313725,0.324324,LEOMINSTER
106,106,25027750300,Census Tract 7503,2910,1040,54167,86.3,4.3,54,48.7,2.5,76,14,0.184210526,20,0.263157895,20,0.263157895,3,0.039473684,0.073076923,0.984870849,0.25,
107,107,25027761100,Census Tract 7611,5135,245,47014,91.4,3.8,47,42.4,6.7,10,2,0.2,2,0.2,2,0.2,1,0.1,0.040816327,0.997094712,0.3,WARREN
108,108,25027733101,Census Tract 7331.01,2058,778,61500,85.3,4.1,62,40.2,2.9,71,20,0.281690141,11,0.154929577,24,0.338028169,9,0.126760563,0.09125964,0.768680089,0.0985916,
109,109,25027736300,Census Tract 7363,2426,957,74013,92.1,3.8,74,41.7,3.4,65,13,0.2,16,0.246153846,24,0.369230769,6,0.092307692,0.067920585,0.96281952,0.0923077,
110,110,25017300100,Census Tract 3001,3074,764,82019,92.8,2.4,82,45.5,1.9,62,11,0.177419355,12,0.193548387,21,0.338709677,0,0,0.081151832,0.975763299,0.290323,ASHBY
111,111,25017301101,Census Tract 3011.01,4024,484,73021,95.2,1.9,73,40.5,2.9,35,10,0.285714286,5,0.142857143,4,0.114285714,2,0.057142857,0.07231405,0.945549478,0.4,
112,112,25027755200,Census Tract 7552,8090,2436,70996,90.8,3.1,71,38.1,3.5,163,35,0.214723926,26,0.159509202,45,0.27607362,20,0.122699387,0.066912972,0.959296606,0.226994,DUDLEY
113,113,25027730100,Census Tract 7301,5923,2609,71172,92.5,2.9,71,36.8,2.6,214,48,0.224299065,47,0.219626168,58,0.271028037,26,0.121495327,0.082023764,0.667996012,0.163551,
114,114,25027731300,Census Tract 7313,3841,1705,25432,71.2,6.7,25,30.4,3.8,173,48,0.277456647,26,0.150289017,37,0.213872832,16,0.092485549,0.101466276,0.542345277,0.265896,
115,115,25027709702,Census Tract 7097.02,2342,765,57837,90.9,3.9,58,40.5,5.1,70,17,0.242857143,8,0.114285714,12,0.171428571,7,0.1,0.091503268,0.872575124,0.371429,
116,116,25027756102,Census Tract 7561.02,8469,2664,94398,96.2,2.7,94,42.6,3.3,135,33,0.244444444,34,0.251851852,34,0.251851852,14,0.103703704,0.050675676,0.979890736,0.148148,CHARLTON
117,117,25027739200,Census Tract 7392,5958,2823,69527,90.8,3.9,70,37.1,3.2,217,48,0.221198157,55,0.253456221,84,0.387096774,16,0.073732719,0.07686858,0.738380227,0.0645161,
118,118,25027719100,Census Tract 7191,7808,3530,87039,94.7,2.1,87,44.2,2.9,225,46,0.204444444,62,0.275555556,67,0.297777778,21,0.093333333,0.063739377,0.960866261,0.128889,STERLING
119,119,25027728100,Census Tract 7281,4126,2069,110022,97.5,1.7,110,43.6,4.2,139,22,0.158273381,35,0.251798561,61,0.438848921,15,0.107913669,0.067182214,0.983225497,0.0431655,
120,120,25027707500,Census Tract 7075,5958,1103,50094,83.6,5.1,50,41.5,2.3,80,14,0.175,15,0.1875,15,0.1875,8,0.1,0.072529465,0.830930982,0.35,GARDNER
121,121,25027703300,Census Tract 7033,3703,743,60366,89.9,3,60,46,3.3,79,26,0.329113924,18,0.227848101,11,0.139240506,2,0.025316456,0.106325707,0.932624113,0.278481,
122,122,25027729200,Census Tract 7292,2672,1370,67697,93.6,3.4,68,43,4.8,112,26,0.232142857,26,0.232142857,35,0.3125,16,0.142857143,0.081751825,0.898678414,0.0803571,
123,123,25027730802,Census Tract 7308.02,2046,808,81474,96,2.9,81,36.6,4.6,62,14,0.225806452,15,0.241935484,22,0.35483871,3,0.048387097,0.076732673,0.845415266,0.129032,
124,124,25027733102,Census Tract 7331.02,2224,923,68405,88.7,3.8,68,38.8,3.1,66,22,0.333333333,12,0.181818182,20,0.303030303,4,0.060606061,0.071505959,0.807322654,0.121212,
125,125,25027730901,Census Tract 7309.01,3404,1474,75026,97.2,1.8,75,38.3,4.5,130,25,0.192307692,29,0.223076923,51,0.392307692,7,0.053846154,0.088195387,0.895207852,0.138462,
126,126,25027731500,Census Tract 7315,5174,2370,21901,60.8,8.6,22,35.5,4.7,280,59,0.210714286,47,0.167857143,70,0.25,20,0.071428571,0.11814346,0.592102455,0.3,WORCESTER
127,127,25027727100,Census Tract 7271,4806,1906,91989,95.6,2.3,92,38.8,4.5,131,34,0.259541985,31,0.236641221,45,0.34351145,13,0.099236641,0.068730325,0.882716049,0.0610687,PAXTON
128,128,25027755100,Census Tract 7551,3300,1066,52090,91.7,4.9,52,38.1,2.3,73,16,0.219178082,7,0.095890411,26,0.356164384,6,0.082191781,0.0684803,0.919302394,0.246575,
129,129,25017388200,Census Tract 3882,7211,577,67896,86.3,3.2,68,43.1,2.2,36,10,0.277777778,3,0.083333333,11,0.305555556,6,0.166666667,0.062391681,0.688676708,0.166667,SHIRLEY
130,130,25027728200,Census Tract 7282,3713,1702,97697,97.3,1.9,98,41.5,3.2,112,20,0.178571429,22,0.196428571,49,0.4375,11,0.098214286,0.065804935,0.965472482,0.0892857,
131,131,25027706100,Census Tract 7061,4382,1420,81757,94.3,2.6,82,42.6,2.2,108,36,0.333333333,22,0.203703704,28,0.259259259,5,0.046296296,0.076056338,0.961779169,0.157407,HUBBARDSTON
132,132,25027732901,Census Tract 7329.01,6592,2558,50580,83.2,4.9,51,33.2,1.4,222,60,0.27027027,43,0.193693694,69,0.310810811,11,0.04954955,0.086786552,0.649849604,0.175676,
133,133,25027732201,Census Tract 7322.01,2820,1412,47216,94.5,2,47,42.2,3.8,120,30,0.25,24,0.2,35,0.291666667,17,0.141666667,0.084985836,0.728381773,0.116667,
134,134,25027732700,Census Tract 7327,3938,1731,31047,83.4,6.3,31,35.1,3.5,176,59,0.335227273,29,0.164772727,47,0.267045455,20,0.113636364,0.101675332,0.602547771,0.119318,
135,135,25027747102,Census Tract 7471.02,3916,994,73041,92,3.2,73,42.1,4.6,57,9,0.157894737,14,0.245614035,16,0.280701754,4,0.070175439,0.057344064,0.941826797,0.245614,
136,136,25027742401,Census Tract 7424.01,5421,2029,153787,97.9,1.3,154,45.1,1.3,117,22,0.188034188,24,0.205128205,44,0.376068376,14,0.11965812,0.057663874,0.851736247,0.111111,
137,137,25027741102,Census Tract 7411.02,5289,663,165000,97,2.2,165,41.9,2,33,9,0.272727273,8,0.242424242,10,0.303030303,3,0.090909091,0.049773756,0.845413364,0.0909091,SOUTHBOROUGH
138,138,25017388100,Census Tract 3881,4996,147,102699,99.7,0.4,103,42.1,2.8,13,5,0.384615385,4,0.307692308,3,0.230769231,0,0,0.088435374,0.784115242,0.0769231,BOXBOROUGH
139,139,25027732801,Census Tract 7328.01,4829,1858,57063,90,4,57,41.1,3,171,36,0.210526316,27,0.157894737,78,0.456140351,14,0.081871345,0.092034446,0.77915468,0.0935673,
140,140,25027742402,Census Tract 7424.02,3026,1096,109195,95.6,2.3,109,31.7,1.1,64,12,0.1875,14,0.21875,25,0.390625,9,0.140625,0.058394161,0.419706042,0.0625,
141,141,25027751101,Census Tract 7511.01,6219,2603,103053,95.8,2.3,103,41.8,2.9,173,40,0.231213873,40,0.231213873,66,0.38150289,13,0.075144509,0.066461775,0.954427083,0.0809249,
142,142,25027751102,Census Tract 7511.02,2744,1323,122500,93.6,4.2,122,47,1.7,91,22,0.241758242,21,0.230769231,33,0.362637363,12,0.131868132,0.068783069,0.95995996,0.032967,SUTTON
143,143,25027738201,Census Tract 7382.01,4075,1924,101371,96.7,1.6,101,42.3,1.8,141,31,0.219858156,27,0.191489362,60,0.425531915,13,0.092198582,0.073284823,0.953701471,0.070922,
144,144,25027738202,Census Tract 7382.02,5995,2712,102715,95.3,2.7,103,44.1,1.2,185,32,0.172972973,52,0.281081081,70,0.378378378,21,0.113513514,0.068215339,0.874153117,0.0540541,GRAFTON
145,145,25027731101,Census Tract 7311.01,3949,1586,36705,79.7,6.3,37,36.3,5.3,162,49,0.302469136,34,0.209876543,40,0.24691358,15,0.092592593,0.102143758,0.763151334,0.148148,
146,146,25027732400,Census Tract 7324,6459,3119,26563,83.6,4.3,27,25.7,2.3,255,76,0.298039216,45,0.176470588,66,0.258823529,27,0.105882353,0.081756973,0.684280247,0.160784,
147,147,25027731600,Census Tract 7316,7357,1511,21777,86,5.6,22,22.9,1.2,150,39,0.26,28,0.186666667,40,0.266666667,10,0.066666667,0.099272005,0.697121212,0.22,
148,148,25027730401,Census Tract 7304.01,5444,2612,29847,78.7,6.7,30,41.2,7.3,307,95,0.309446254,53,0.172638436,98,0.319218241,23,0.074918567,0.117534456,0.660274964,0.123778,
149,149,25027731800,Census Tract 7318,6172,2970,22599,74.5,5,23,31.9,5.6,357,101,0.282913165,74,0.207282913,99,0.277310924,37,0.103641457,0.12020202,0.596553773,0.128852,
150,150,25013813802,Census Tract 8138.02,3609,513,87961,94,2.6,88,45.8,2.3,20,6,0.3,4,0.2,5,0.25,2,0.1,0.038986355,1,0.15,BRIMFIELD
151,151,25015820102,Census Tract 8201.02,3683,185,36623,87.6,5.9,37,38.1,4.6,15,3,0.2,3,0.2,5,0.333333333,0,0,0.081081081,0.945244957,0.266667,
152,152,25017322200,Census Tract 3222,3687,884,75811,92.6,5,76,44.7,2.6,70,11,0.157142857,12,0.171428571,27,0.385714286,9,0.128571429,0.07918552,0.901253918,0.157143,
153,153,25017322300,Census Tract 3223,6090,1481,61743,88.8,3.6,62,42.7,1.6,138,32,0.231884058,31,0.224637681,42,0.304347826,13,0.094202899,0.093180284,0.9063816,0.144928,
154,154,25017322400,Census Tract 3224,4615,1078,72563,89.7,3.4,73,40.8,2.8,85,24,0.282352941,16,0.188235294,28,0.329411765,8,0.094117647,0.078849722,0.937513239,0.105882,
155,155,25027761200,Census Tract 7612,5780,1796,79800,95.9,2.4,80,44.2,2.8,159,30,0.188679245,26,0.163522013,62,0.389937107,24,0.150943396,0.088530067,0.699451619,0.106918,
156,156,25027761300,Census Tract 7613,3059,1405,87500,96.3,2.3,88,35.9,4.2,109,21,0.19266055,32,0.293577982,40,0.366972477,13,0.119266055,0.077580071,0.885535308,0.0275229,
157,157,25017325100,Census Tract 3251,7427,497,74659,94.6,2.5,75,40,3.6,27,7,0.259259259,1,0.037037037,6,0.222222222,3,0.111111111,0.054325956,0.885275288,0.37037,AYER
158,158,25027761400,Census Tract 7614,6520,495,126061,96.6,1.3,126,45.5,1.7,28,3,0.107142857,6,0.214285714,13,0.464285714,3,0.107142857,0.056565657,0.838282321,0.107143,HARVARD
159,159,25027741101,Census Tract 7411.01,4478,410,122125,98.2,1.6,122,43.1,2.5,21,3,0.142857143,5,0.238095238,9,0.428571429,1,0.047619048,0.051219512,0.856213403,0.142857,
160,160,25017327103,Census Tract 3271.03,3578,102,84735,94.7,2.5,85,47.1,1.3,8,1,0.125,1,0.125,1,0.125,1,0.125,0.078431373,0.961600865,0.5,
161,161,25027758101,Census Tract 7581.01,1650,410,63750,91.2,3.9,64,50,4.5,37,9,0.243243243,9,0.243243243,7,0.189189189,5,0.135135135,0.090243902,0.970404098,0.189189,
162,162,25027758102,Census Tract 7581.02,7618,1887,91017,96.4,2.5,91,41.8,1.6,76,21,0.276315789,15,0.197368421,17,0.223684211,5,0.065789474,0.04027557,0.968028187,0.236842,STURBRIDGE
163,163,25027747101,Census Tract 7471.01,5110,1068,74026,90.6,3.1,74,43.5,2.7,75,15,0.2,13,0.173333333,24,0.32,5,0.066666667,0.070224719,0.933131275,0.24,BLACKSTONE
164,164,25027736400,Census Tract 7364,3071,1119,76818,93.8,2.7,77,46.4,4.6,76,13,0.171052632,17,0.223684211,32,0.421052632,7,0.092105263,0.067917784,0.904960111,0.0921053,
165,165,25027732002,Census Tract 7320.02,4036,2022,60931,89.7,2.9,61,43.1,4.2,199,38,0.190954774,41,0.206030151,50,0.251256281,32,0.16080402,0.098417409,0.703546732,0.190955,
166,166,25027721102,Census Tract 7211.02,7973,3389,94028,98.9,0.9,94,40.8,2.9,213,55,0.258215962,47,0.220657277,75,0.352112676,17,0.079812207,0.062850398,0.968374218,0.0892019,RUTLAND
167,167,25027709501,Census Tract 7095.01,2149,702,95500,92.4,2.8,96,42.3,2.5,53,6,0.113207547,10,0.188679245,14,0.264150943,4,0.075471698,0.075498575,0.872261072,0.358491,
168,168,25027709502,Census Tract 7095.02,5670,1815,70577,89.8,4.3,71,40.3,2.3,152,30,0.197368421,25,0.164473684,32,0.210526316,8,0.052631579,0.083746556,0.826738508,0.375,
169,169,25027730801,Census Tract 7308.01,3665,1664,101667,97.1,1.7,102,48.3,2,140,25,0.178571429,32,0.228571429,54,0.385714286,16,0.114285714,0.084134615,0.891184573,0.0928571,
170,170,25027710800,Census Tract 7108,4539,1520,31179,79.1,5.9,31,26.6,3.2,172,24,0.139534884,25,0.145348837,29,0.168604651,5,0.029069767,0.113157895,0.709832134,0.517442,FITCHBURG
171,171,25027732600,Census Tract 7326,4253,1900,33378,80.6,4.7,33,30.7,3.5,124,28,0.225806452,32,0.258064516,30,0.241935484,21,0.169354839,0.065263158,0.578602126,0.104839,
172,172,25027732202,Census Tract 7322.02,3240,1485,45089,88,5.2,45,33.6,2.8,129,30,0.23255814,25,0.19379845,55,0.426356589,12,0.093023256,0.086868687,0.875160051,0.0542636,
173,173,25027732001,Census Tract 7320.01,3327,1542,17976,70.3,8,18,20.5,2.4,126,43,0.341269841,28,0.222222222,24,0.19047619,12,0.095238095,0.081712062,0.507989907,0.150794,
174,174,25027731400,Census Tract 7314,4673,2077,23459,60.4,7,23,32.4,4.3,202,69,0.341584158,26,0.128712871,46,0.227722772,8,0.03960396,0.097255657,0.604012211,0.262376,
175,175,25027733000,Census Tract 7330,3762,1449,40066,74.2,6.1,40,30.3,2.4,152,45,0.296052632,24,0.157894737,37,0.243421053,15,0.098684211,0.104899931,0.642803878,0.203947,
176,176,25027757400,Census Tract 7574,2707,614,56207,84.7,7.4,56,41.7,2.7,39,7,0.179487179,3,0.076923077,12,0.307692308,4,0.102564103,0.063517915,0.784366577,0.333333,
177,177,25027730600,Census Tract 7306,8799,3592,82037,93,4.6,82,34.7,4.8,338,61,0.180473373,72,0.213017751,137,0.405325444,39,0.115384615,0.094097996,0.840180729,0.0857988,
178,178,25027732802,Census Tract 7328.02,4122,1795,55739,89.8,5.4,56,33.8,5.3,177,46,0.259887006,31,0.175141243,62,0.350282486,23,0.129943503,0.098607242,0.718052307,0.0847458,
179,179,25027732301,Census Tract 7323.01,4155,1784,66962,93.6,2.9,67,39.7,3.7,140,34,0.242857143,34,0.242857143,52,0.371428571,6,0.042857143,0.078475336,0.73738559,0.1,
180,180,25027732302,Census Tract 7323.02,3902,1724,40357,80,5.8,40,33.7,3.7,142,37,0.26056338,32,0.225352113,42,0.295774648,16,0.112676056,0.082366589,0.709826276,0.105634,
181,181,25027731204,Census Tract 7312.04,2498,989,29293,78.2,9.7,29,30.1,3.5,105,35,0.333333333,20,0.19047619,22,0.20952381,8,0.076190476,0.106167846,0.619692864,0.190476,
182,182,25027731203,Census Tract 7312.03,5198,2155,22837,71.6,6.4,23,34.3,4.7,271,88,0.324723247,53,0.195571956,53,0.195571956,19,0.070110701,0.12575406,0.59162131,0.214022,
183,183,25027732203,Census Tract 7322.03,2853,1238,50306,83.1,6.5,50,30.9,2.8,100,18,0.18,21,0.21,35,0.35,9,0.09,0.080775444,0.597995874,0.17,
184,184,25027709400,Census Tract 7094,4750,1560,31705,80.5,8.1,32,35.4,2.7,165,40,0.242424242,26,0.157575758,27,0.163636364,15,0.090909091,0.105769231,0.772820396,0.345455,
185,185,25027710700,Census Tract 7107,1580,672,15652,67.4,8,16,40.8,8.4,102,15,0.147058824,9,0.088235294,9,0.088235294,4,0.039215686,0.151785714,0.744520548,0.637255,
186,186,25027711100,Census Tract 7111,5712,1343,80150,86.3,5.4,80,38.5,5.5,107,23,0.214953271,21,0.196261682,22,0.205607477,14,0.130841121,0.079672375,0.844336084,0.252336,
187,187,25027710200,Census Tract 7102,6759,2378,60875,87.9,3.4,61,40.7,2.8,204,43,0.210784314,37,0.181372549,44,0.215686275,8,0.039215686,0.085786375,0.849174152,0.352941,
188,188,25027731001,Census Tract 7310.01,2229,925,56711,86.9,5,57,35.6,6.3,88,21,0.238636364,16,0.181818182,22,0.25,14,0.159090909,0.095135135,0.776748104,0.170455,
189,189,25027731002,Census Tract 7310.02,6402,2549,42669,79.2,6,43,44.1,3.3,235,64,0.272340426,48,0.204255319,74,0.314893617,19,0.080851064,0.092193017,0.687479243,0.12766,
190,190,25027721101,Census Tract 7211.01,1902,846,80313,93.1,2.1,80,44.7,1.4,60,13,0.216666667,22,0.366666667,18,0.3,3,0.05,0.070921986,0.986134221,0.0666667,OAKHAM
191,191,25027730200,Census Tract 7302,5583,2576,70559,92.8,3.3,71,46.9,1.8,206,37,0.17961165,47,0.22815534,82,0.398058252,26,0.126213592,0.079968944,0.885203575,0.0679612,
192,192,25027740102,Census Tract 7401.02,6053,1997,95917,97.1,1.6,96,41.9,2.1,143,19,0.132867133,30,0.20979021,62,0.433566434,18,0.125874126,0.071607411,0.883391061,0.0979021,
193,193,25027754300,Census Tract 7543,2960,930,38594,80.5,6.5,39,29.3,5.8,72,20,0.277777778,15,0.208333333,14,0.194444444,6,0.083333333,0.077419355,0.794695788,0.236111,
194,194,25027754100,Census Tract 7541,6502,2240,60682,91.3,2.9,61,45.3,3.6,161,37,0.229813665,35,0.217391304,48,0.298136646,18,0.111801242,0.071875,0.915906244,0.142857,WEBSTER
195,195,25027736200,Census Tract 7362,3722,1359,77895,92.6,3.4,78,42.8,2.9,107,27,0.252336449,26,0.242990654,36,0.336448598,6,0.056074766,0.078734364,0.953208556,0.11215,
196,0, , ,0,0,0,0,0,0,0,0,0,0,0,0,0,0,0,0,0,0,0,0, 
